cleaned_snippet,rating_label
ve review decide edit response current opinion game great graphic stunning story nice long excessive make feel like chore end game get reward struggle farming upgrade character hassle resin energy cap upgrade cost energy lower game good time consume,positive
fun wish fighting quest bunch talk run come quest want leave game bring potential awesome battle turn dialogue not skip lot potential leave ability skip dialogue,positive
fun game enjoy story ton ton content clear bore pick problem long time character rerun year character available kill enjoyment lot people not able favorite,positive
game phenomenal art style scenery stunning yes game long s fun take journey give memory worth remember combat fun devs work storage control have issue game size ignore hatefulspam review bot people try ruin joy,positive
love game incredibly laggy point unplayable graphic low setting include fps manage crash not storage lot point genshin barely make dent not wifi run smoothly app fix optimize well mobile player,negative
obsess game not play month boring repetitive gameplay get developer not care player feedback pick choose feedback use incorporate quality life change speak take year implement qol change request year shame genshin impact dev team need well,positive
highly recommend play game year impressed mechanic captivate storyline constant update game interesting ensure player stay engage lore impressive graphic great gameplay absolutely awesome cutscene especially update impressed reccomende friend enjoy play game till day,positive
hello absolutely love game incredible graphic ton fun play lately try open say game bug kick loading screen say developer need fix issue game open fix issue love game look forward play end day thank,positive
ve play game january th real complaint style nice fan service character interesting way s soooooo s go to add game make boring old phone samsung galaxy se run smoothly ll glitch bad pc pc run bit life explode play game,positive
unintereste character unintereste dialog story potential not tell year game story not complete relese moreit get boring quickly usually open world adventure game find explore gorgeous open world hour engross story enjoy write character game deliver thing,negative
amazing game beautiful character design amazing s say recent issue game crash m d think crash crashed m wander middle dialog right complete domain force redo compatibility mode run smooth not help crash,positive
love game couple issue take sooooo space phone hard character storyline one amazing game definitely recommend edit ok m ve get new character friend teach use wish system hehe ve get geo archon quest fontaine beautiful city not wait new update thing mobile glitchy understand,positive
initially star review long review anymore good faith love art style game music amazing world beautiful month ago finish main story new patch update drop main story finish quickly character story quest game get stagnet thing ask hsr instead personally annoying love,positive
mobile phone game play start play honestly fun ve game long time m glad get support external storage device allow external memory stick insert thr game optimize feature graphic section game option menu ll analyze device automatically adjust game run smoothly possible say device nice,positive
play sep game beautiful love different nation character design undtrack topti enjoy world exploration puzzle battle difficult leave review current state game leave pretty disappointed frustrated lategame content dull monotonous tedious socalled reward insult measly plain stingy gatcha game well,positive
awesome game main story quest extremely wellwritten immersive country design enjoyable puzzle unlock reward elemental fighting system unique fun exception character beautifully design fairly easy resource obtain highly recommend,positive
game long certain quest like rollercoaster high lot quest low hard get high level definitely cost money want wish character special weapon purchase special item use lot memory get sluggish not memory later not build character correctly difficult time repetitive farming battle,positive
ve play game year little release pretty fun like aspect game like lore gameplay character overtime feel like event story get boring repetitive especially recently ve get disappoint new character design like emilie natlan character sethos not feel special old one end game experience not great,positive
feel like game lot fun not use eat battery storage wifi not load lot time understand big game need lot resource function crash single time ridiculous time actually able play amazing m seriously think give genshin,positive
lot massive open world variety character elemental power multiple weapon include mage long term game downside insanely difficult artifact equip character stat look plus single run farm different type artifact instead make hard ll spend lot resin energy barely exactly want build single character developer improve,positive
like game early game story fun like old character ton issue player continue bring fall deaf ear late game play not scale exp random bad guy run map world level increase difficult level character later gameplay random bug thing refuse fix needle will not redownloade,negative
star dock personal opinion people review address poor recent character design slow story wish option let pick commission want reach max reputation nation annoying try certain one unlock sort storyline achievement cool interact commission board pick,positive
pretty good game good graphic cool design character nice storyline voice act freely explore game high ar get boringi try like permanent mini game great game,positive
great game enjoy lot try come love explore accomplish quest come exploring thing notice recently completely change thought game experience try sign tend laggy crash time thing want point fact not fun update attention game,positive
genshin impact visually satisfying beautiful game control simple crossplatform experience seamless play console home laptop travel pick leave phone m spend dime not want story immersive evolve new character adventure constantly add m impressed aspect genshin impact not recommend,positive
love genshin character story exploration fun resin cap annoying ftp make build character time long hard sice genshin big make hard storage issue get bad delete past datum genshin beautiful game fix lot issue yay hate storge,positive
strong mobile android fps lag overlaps move hear audio get severe aggravating deal play time turn completely unplayable edit review new update natlan game take minute load cutscene walk inch crash game entirely low graphic setting not issue update,negative
ve see add youtuber sponsor yard tell day play game actually pretty good definitely fill need upgrade slowly strong equipment character not mistake have high level enemy not possibly fight near beginning common mistake game ease slowly introduce game mechanic hook,positive
gameplay play great character neat open world exploration fun force sit second dialogue frustrating interesting d like able skip dialogue have sit lastly make easy level exist character constellation wish great new character will not use hard level exist character,negative
great game aspect terrible term imagine breath wild well graphic well lore storyline arguably well character world design character remotely challenge game spiral abyss complete story game rinse repeat daily day resin grind event terrible feel like mini game game barely utilize character,positive
great character storyline task honestly game need permanent feature like windteace offer fun ve actually game daily grind stuff farming questing boring progress character game hoyo permanent friendly competition game waiting game event come,positive
play half year assure good pretty fun game type game play minute go to spend hour notice long figure thing need bit googling s plentiful guide advice s lot story dialogue mood appreciate skip button enjoy,positive
start couple year ago feel like breath wild clone huge world climbing glide good fast reactive control fun combat impress free keep increase size world enhance ui add story add cool character new ability reason explore story voice act actually good start damn good get well free amazing,positive
absolutely love game graphic story exploration character fun good variety mechanic use find fun building character problem nice reroll option artifact substat artifact farming well primogem reward s currency weapon character wish event chest bit reward,positive
love play genshin phone currently not open game play shut not loading screen show hoyoverse screen immediately shut phone say s bug will not let open game developer fix bug samsung galaxy gb m pretty sure not wrong phone ve try delete redownloade not work,positive
story line combat quest scenery exploration truly amazing way get bored play thing game notice archon quest character voice line make story boring wish possible way actually play traveler like event overall amazing game,positive
wonderful experience virtual reality real life love game awesome gameplay storyline character lot good play friend new friend event wild like dendro archon event wish event like bad quest hard new player like unable coop month,positive
beginner genshin impact rlly rlly fascinating breathtake adventure graphic rlly smooth apart advantage game take lot space gb lot theory item need understand properly difficult play game rule knowledge power make sense overall star error problem bonus character design humor story strike,positive
love game quest interesting lot interesting caracter issue firstly take lot space secondly take lot time loading recently dialogue caracter mute exept paimon solve issue nice reward like honkai star rail recomend game start play game ll go quit,positive
game beautiful devs lower draw distance explore low resolution polygon place holder right object building look like toy block mountain look like belong ps game grass tree rock pop map disappointing compare play version galaxy s ultra ps,positive
love game especially experience explore new territory meet expectation player climbing expectation treasure chest teleportation feel satisfying beautiful scenery designbgm pattern game feel consistent downside quest bug action button character disappear,positive
like genshin impact storyline amazing love character design different play style ve rate star unfortunately lot character mute silence feel loud quest voice character not feel right eng voice actor,positive
game randomly decide turn datum gameplay sure explain playtime data connection suddenly claim service pull game home screen signal happen open game live place datum signal strong not possible wifi fine datum problem,negative
game big flaw long take character pr weapon rerun resin respawn rate have character aside game amazing storyline enjoyable character different story quest event incredible music super fun gameplay mechanic world building astonishing scenery overall tell effort love passion experience real journey enjoy,positive
game great story lot quest end game content hard play phone not know character icon r small make hard press hit enemy joystick reset thumb tell thumb play year prosgreat story quest consend game hard play icon r small joystick not thumb,positive
overall fun game good story arc good character world design interesting combat system elemental reaction easy spend month theory craft team composition skill battle system rate higher not provide game feature android certain option like controller support available io android,positive
game amazing fact character voice like kinich ruin gaming experience feel like m complete archon quest alot dialogue begin weird ruin game like lore love genshin,positive
game overall fine suck not skip dialogue sit storage take ridiculous kind understandable wait version come usually fun recent banner end hour new banner come limit suck not sense go different ascension material come different day well reward,positive
someone gacha game not bad play year phone pc glaring issue take space pc phone early game content pretty good fall drastically month get repetitive quickly lot fetch quest game treat like story constantly repeat dialogue not paimon get lot bad time let think,negative
graphic great gameplay fun scenery breathtake beautifulbut not star major problemthis game story waaaayyyyyyyyyyy talkingyap yap yap yap yapand not skip conversationit take minute minute yap non stop annoying voice paimonif not skip well watch anime movie click need skip button,positive
new player incredible frustrating experience exploration character lore craft stand similar game archon quest memorable exciting flaw writing downside experience banner system change age ago main problem increase number character game make impossible accommodate rerun effectively,positive
ve play long ad freedom play lost energy play choose love not need play people strong feel need not want bad m learn game remind minecraft soo well art design detail lot read travel great random fighting random thing busy,positive
game pretty good gameplay smooth story amazing good s bug enter game second game crash kick try fix problem long time luck,positive
game amazingbut todays morning ve problem game work launch normally logo appear kick application time get notification game bug devs need fix friend not problem not play game fix problem uninstalle reinstall reset device check storage connection work,negative
love game problem voice act recent event nahida not voice hate love everyone voice hope hoyoverse fix problem studio vas try use ai hate not let studio use bad ai voice make mad fix en vas,positive
game good yes reason lacking lot vital feature domain pain good artifictsit significantly impact gameplay make game play feel like chore fun like start feature skip domain gameplay ve play time like cooking mechanic standard banner need update rework,negative
amazing game love character storyline graphic stunning explore new region feel like enter different world look forward update especially new character quest suggestion great translator chat box communicating player country coop challenging translator team easy,positive
genshin deserve star review great game nice quality character design story quest wonderful main story quest world quest annoying sit uninteresting dialogue end day perfectly fine need bit patience fit lot play style find like game m mark short game,positive
bad game hard play mobile m android game not provide controller support game thing ios platform release wild absurd use controller game literally platform android rd party interference,negative
fine like story character easy burn game bp welkin little difference resource scarcity make grind way make easy domain horrible roll good artefact rate bad d star character not want end spend upwards character want not dumb like spend money game,positive
honestlyi download yesterday love like like watch anime play time usually game story line make read lot wanna read read fav webton instead skip lot audio love thing not like far character bit slow make run drain stamina quickly oh take lot space like gb lot,positive
game story graphic good control sucks dpad movable button adjust atleast place screen m unintentionally action especially dpad low screen touch character automatically move forward fix control button dpad adjustable,negative
great game grind character leveling repetitive weekly domain difficult improve character premium currency primogem difficult come past qol issue beautiful rpg fun gameplay excellent storyline notch not wait new area patch,positive
great game good quality world building world exploration vast find hard obtain reward extensive grind primogem s skip button annoying honestly,positive
year play daily good live service game nowadays up down genshin amazing piece art especially music game novel adventure lot exploration puzzle constant event different minigame love,positive
want play game long time finally find compatible device play amazing think maybe suggestion ticket system wish new banner player constellation certain character character appear character turn ticket corresponding star star collect ticket exchange character old banner hope ll help,positive
good game play mobile pc game good ost music scenery landscape storyline character design thing truly masterpiece issue devs provide primogemsin game currency pull upcomme banner free pulla worth major update nice major issue bit problematic love game,positive
pointless playing play game coupon go uninstall play pc exclusively game not worth keep phone real space ll countless line event exclusive nonrepeatable dialogue reach endgame story meander filler character introduce bc gacha system limit story potential fan,negative
take huge twoish year gap fontaine get release lot enjoyable play reason like character power design etc area farm artifact system suck reason like ugh natlan character release include emily pretty eh new main story style save people hate lot maybe natlan ugly,positive
game fun run phone story great complain star control onscreen control absolutely terrible ios controller support android not mention number time accidentally click character ultimate try jump change camera angle close add controller support android year game launch ff,negative
improve experience little game setting take break fight game aesthetic worth time ve spend game story devs put guess rush head game loose perspective escape need game thank game hoyoverse,positive
great game play year get tired major improvement term qol entire game generally artifact system change story dialogue take time voice go gacha not improve limit weapon banner get original form bad play game excited lot restriction deceive audience,negative
gi fun adventure game play year easy ascent character need work hard get lucky strong characterweapon artifek player spend lot primogen intertwine fate not strong gold character weapon overall game fun developer add mark sign lose forget farming,positive
good action adventure game aver play smartphone update good graphic heart touch character design bestthe game start journey journey feel like main character game story development character development visual gameplay game awesome love play game future,positive
game fun get boring progress reward suck game want pull new character reward good take hour pull love character design like say impossible pull character spend money,positive
fix dumb bug not primogem old achievement old commissionqu like tale winter achieve tell geo travel diary geo archon anecdotes liyue not finish dumb achievement unknown reason time,negative
scamtifye elixir twin mc kid prefer grow version npc copy paste look slight difference lack detail design look bore game good job detail combat experience good game rely elemental reaction dodge mechanic boring sprint well slow real dodge animation,positive
game actually good problem phone wait like hour instal update etc sleep instal shade wake instal finally good laggy phone new old stop play genshin impact come download update shade getting annoying worth wait waste gb game,negative
hard good rating thing worth play genshin impact story story like inazuma bad music rest experience gameplay level character talent artifact exploration quality life fix worth watch youtube story listen spotify music,negative
ve play game year damage text bug grass not ice dvalin signora boss fix m sure phone problem hoyo update tell situation abt bug state cos denial woukd great length able damage mobile screen,positive
good game play year actually unbelievable lil addicting quest r boring new update genshin definitely get well love new character star def storage lil player maybe fix issue wifi rlly bad game require good wifi s issue face great game love m hook,positive
game fine honestly standard banner stuff player pull banner actually want standard character random useless character understand luck bad lose high pity like hopefully change system like go to player lose,positive
game interesting storyline boring make frustrating play hard farm fp take time not start char build thing like game character graphic literally play character not time build,positive
m happy game rewardsand thing end game challenging fun right build teapotbut want like lake lake glitch st kinda annoying hope hoyoverse option create lake water foundation helpful thank,positive
beautiful game m glad instal galaxy run beautifully grow playing game like legend zelda love art style enormous open world explore music voice act perfect story complex interesting fan hoyoverse hope m finally able enjoy timeless work art favorite dev team,positive
thank genshin give unforgettable gaming experience love graphic character design story theme music ethereal scenery late story escape night kingdom experience horrible lag plus time limit reach wind current m aware poor device likely problem grateful expand time limit m stick forever,positive
true perfection storyline gameplay gatcha perfect start play not know addict favorite game thing place love collect character get love storyline stimulation game get fighting yep not wait play,positive
play long time like change device oppo ae ve have problem run month d crash lag d restart game month black mid cutscene kick game game ill start cutscene kick,positive
amazing lore nice gameplay unique character cool design beautiful fantasy world inspire real life region noticable not accurately represent culture limitation skintone thing d like mention genshin fail story tell tell deviate main plotline traveller search twin aspect overall great game,positive
star play android start play covid great time feel pressured purchase explore fun puzzle not challenging bore people play meta grind lot not lot fun story interesting boring skip dialogue thing stop star game lack racial diversity lack reward quest irl event,positive
game force sit extremely long boring slow loading dialogue hour option skip despite people ask option year issue limit world quest go event matter ask listen user update increase rating star cause ve make positive change add reward hope improve,negative
soundtrack graphic scenery wonderfull like main story lot character design cool wish diversity definelly good thing region character mission characteristic sorry english mistake simulanka permanent event,positive
tw hk mo server despite have good connection experience minor laggy garble storyline introduction play like not fix get point intro choose character lag disappear oh upgrade new phone not solve issue believe issue game network provider indosat game capable provide hour fun vibrant bright world character collection cool,positive
genshin impact incredible game grip story breathtake graphic topnotch animation open world huge location beautifully design explore different area exciting place feel special wellcrafte combination worldbuilde visual pull game blend art story exploration perfectly make fantastic experience start finish,positive
amazing character design game play idea event frustrating quest description not help especially pause quest clue maybe quest description bit helpful great game not wait future update,positive
exploration good character weapon excellent animation excellent audio music excellent not enjoy properly camerasomething not fix year constantly fix veiw combat exploration reason seizure eye problem play game touchscreen bad experience lack customizable key layout qol joke,negative
game good story line great graphic pleasing play week game state lag badly ui unresponsive fps drop zero game graphic intensive game work fine medium high graphic setting oneplus t uninstallate,positive
hey guy great benevolent summon system character amazing world fun explore right character story interesting easy save character want thank event like paimon s adorable guy,positive
game good update good problem character not rerun year play tartaglia like play style fact join update not well not get rerun actually feel bad play m play year not think m go to quit atp m tired redownloade game,negative
good graphic mobile game par pc version interesting lorestory main reason play game yeah mid quest overall greatfor character need save primogem able character want s pity system okay artifact system rng kinda bad require lot grind guarantee good,positive
sit hour dialogue care listen ve replay game dozen time annoying wish feature skip story cutscene play game good game slowly end get hard hard find resourse lot game literally grind hour,negative
game great graphic issue frustrating skip button cutscene not skip long dull wasting time wait tap mission mission hard progress main story mission list cluttered mission unskippable cutscene add frustration hope developer address issue repetitive annoying,negative
game usually great recent update enjoyable lack english language voiceover especially annoying character speak make experience disjointed make want play issue resolve,negative
start release love graphic character design current update weapon banner well low cost music region different good music story build skip story value story kinda disappointing community value story low btw add skip button like people say people different taste pls commission pg,positive
overhated game huge world ton quest stunning visual goate plot especially fontain archon quest story good character building good game remind sao game good apart fan weird,positive
start go relatively ping horrible asias server change hks server recently s release ping get point not participate coop event have ms getting kick say asia hk server ve try test online game medium check s problem router ill grateful get resolve,positive
game animation fight scene detail nation amazing ton character play team play friend story interesting twist turn emotional roll coaster nation play game day love game,positive
game amazing love main story free roam game problem play laptop game constantly crash game will not let login annoying try restart laptop fix game try reinstall work,positive
storyline awesome love play stop dialogue long not skip especially event quest conversation unnecessary boring game large phone game well pc console,positive
rate star issue need fix like try login account say request try later contact genshin support think hope fix soon possible badly miss account,positive
love game unconditionally player friendly map beautiful story line amazing think star game disappointing not great m ar m love plan good game etc badluck people bad review devs try satisfy guy ill play game matter give lovely game thankyou hoyoberse muahahahaeauheurys,positive
th anniversary weapon banner pitt radiance pity system free look like deserve long time update rating hope reward future rating improvement reduce weapon pity good anniversary elixir cost need easy obtain,positive
fun play not know m new player funn u guy download try explore vast world questgood graphic good story line long play want overall game fun like play game,positive
game get unreasonable hate people play highly recommend game amazing year play bulkier phone crash lag happen low graphic setting character story worth,positive
love game take way storage like gb way mobile game device dedicate genshin genshin s way hell damn world app like sorry ridiculous gb gb lot mobile game let story great character art get boring ve quest explore gacha not good tho,positive
controller support android year feedback give fall deaf ear s severe lack qol feature consider game age proper endgame content artifact loadout custom domain creator perfect endgame content alas temporary usual game good tonedeaf company actually use money improve billion dollar company people,negative
amazing game superb story line gameplay great mobile need decent phone run see comment game crash etc plus g run game like dream,positive
alright game thing delete app tell sorry not space game download people s point have app store certain device maybe fix game not space especially phone,negative
bug s cause game work delete app datum cache datum pop say try update game developer fix happen friend play game normally,negative
enjoy game like week leave day entire save wipe reset beginning end redownloade worked fine far,positive
great game button malfunction somethime example matter long hard hold attack button mobile not heavy attack problem arlecchino weekly boss button move force play uncomfortably year,positive
game slow fun reach adventure rank s character building reach curtain point game endless mode endgame hopefully skip button dialogue slow,negative
amazing keep kick game try jade chamber grab paper snow go checkpoint unlock leave game go game checkpoint not save ve try jade chamber,positive
play genshin year like quest help understand concept game character design amazing not player mad design hope ill star,positive
incredible game amazing charachter story exploration combat problem ungodly amount storage take like gb insane gatcha absolute scam,positive
star lack controller support android change play lack controller support stop play m bored play controller hope guy consider add soon,positive
favourite game far play game hour game graphic dam goodi like animationsand character pretty good event good rule understand matter support genshin impact,positive
ping bad ms edit maybe bad connection ping ms lag lag game crash cutscene musicdialogue choppy point wher decide turn volume completely edit contact month ago surprisingly fix issue thou contact network provdr game run smoothly stll lag smtime,positive
genshin impact fun game lot place amazing new hero high quality graphic breathtake story genshin online game play people like friend sibling need defeat villain save sisterbrother meet new hero upgrade hero collect resource map download genshin impact know fascinating story untold,positive
game heavy low end device will not able play anymore edit update get lot slow strong device m unable enjoy game request developer think size game,negative
graphic pretty good like story lore great guy star character interaction respective nation like star outside aqthe mc showcase power pretty boring compare wuwa,positive
far good game ve play lore fantastic character design look cool graphic great storyline amazing consider mainly play game truly good hand hoyoverse fantastic job genshin impact edit finally take space thank u mihoyo,positive
love genshin favorite game graphic amazing character love detail character outfit quest highly recommend play amazing game hu tao pretty new skin,positive
event need replayable en va strike leave previous event voiceless unable enjoy say content native language strike end content replayable strike not end seek new vas,positive
say bad game dialogue not skip take long cutscene game mean involve player actually play game read listen dialogue time quest make fight have actual interaction have dialogue great time people tap cause boring long dialogue dev not listen player worth anymore,negative
play game year azame ost battle theme lore character design unique playstyle open world like not explain word like real experience not feel game hat developer great work art present lot effort game exciting journey future thank,positive
see game try finally play gamer fond open world rpg game game truly good open world experience mobile device game look damn beautiful great job impressed definitely recommend not play give try mean miss great thank work hard create masterpiece,positive
love game far d like option automatically clear new character stuff like gameplay tho story bit competitive requirement mission theirs alot fun stuff s non competitive m hope u gacha currency mission,positive
love game m afraid hacker ruin account wanna suggest obtain star weapon player ve able use weapon use upgrade weapon not dispose hacker account ll ruin account,positive
y play game good game not low end device not try install low ram device harmful device like art style explore open world collect charecter story quest etc way have fun,positive
eversince new update ve get frequent crash recently samsung gb ram like sudden movement fight enemy thing freeze crash freeze frame random second character not move include open menu lower graphic experiment suitable,negative
game story wise good boring old player abyss easy new end game mode ok complete quest daily routine open game boring commission use resin close game go to uninstall soon,negative
want add controller game separate company apple product provide android controller player play android calculate ratio download platform hardly difficult ps compatibility not android launch android controller,negative
skip button absurd point character talk talk talk interesting take time say way short sentence game get nerve,negative
find come game ve play m pretty veteran player love story line combat wish hoyo diverse come skin color character,positive
awesome not mind low game reward odd fandom huge problem include co op teapot realmi currently phoneand build teapoti press save afterwardsthenit say waitto wait furniture load inexceptit go awaywhich not allow traveler visit sweethard work mini game realmi wait hoursand actually wifi weather completely fine,negative
gripe actual lack skin surplus character feel kind lazy honestly release like entire year major event like lantern rite not help mod skin end get ban restrict like skin compare total number character usually irrelevant character like,positive
love game story s thing m disappoint story birthday nahida character not voice speak need read talk disappointing character voice conversation kinda annoying fix immediately appreciate story game,positive
thank fix game buut time s quest not play real story add like button not need quest try buy thing card not work not thing bring,negative
wow great game play game year enjoy like open world free game game play month free buy monthly welkin wish buy soon cost effective deal think mihoyo allow new user able buy month previous month welkin make purchase think korean game voice actor good like open world game game worth try,positive
game good lack control control overy character deficult execute proper combo miss click etc hope ll add controller support android io well experience handle character,positive
update game lose account m able log week update game m try send email genshin respond play year k dollar account go recommend not buy game not waste time,negative
worth update play potato phone long mondstadt fontaine work total fine exspect natlan crash soo enter carshs play religion smooth natlan demand stack expensive medium play,positive
believe well reward possible consider reduce pity rate freetoplay player fan eula feel like long wait play begin overall good game,positive
game pretty good place character quest interesting will not quit game bug weird play genshin impact day normal quest start know npc character voice line miss fix bug pls love genshin impact,positive
game nice good graphic fact need gb datum play insane amazed datum mobile game play android game like asphalt gangstar vegas game ask extreme datum download requirement,positive
ve play year star time sooooo disappointing hour gameplay event achievement go progress not star rating want,negative
play problem happen problem game take space kick app reason tho admit graphic plot story good pretty good game consider laggy,positive
update gi offer incredible openworld recent story strong daily system improve reward engagement quest make easy use resin reward game big flaw continue painfully slow character building process story pacing prevent fast reader bore event content quickly dialogue skip qol think gi continue great title,positive
good game play phone worth bit storage take phone good story graphic quest character think download game thing regret download game good character standard character gaming experience notch,positive
ok get bit well release shall quality improve quality great especially competitor market content feel stale need endgame activity weekly reward allow chance favourite character like certain weekly exploration abyss activity sort like hoyo game own,positive
not understand people hate game ve play game patch s time suppose people follow like sheep game nice chance ve play long improve update listen fandom time game s like exploration coop main story cook visual novel,positive
play game beginning good ve play story character good combat super fun game exhausting spend hour save currency character wish reward,positive
notice lot star review decide star think game great getting bore simply break like story world game music unreal casual player appreciate get stuff hard thank make game,positive
blast play genshin gorgeous graphic entice storyline love aspect game suggest skip dialogue button story memorize point highly recommend game casual hardcore gamer recommend game gam creator like honkai star rail extremely fun entertaining game,positive
love game fun story quest love game scenery character small issue lag mobile user understandable good game ve play deserve star rating help people understand thing real life recommend play,positive
s insane boring dialogue not skip add skip button seriously literal gameplay min dialogue min listen boring talk tap screen life skip dialogue add skip button,negative
finally hoyo start listen player lot qol change focus have fun spend time repetitive nonsense like daily abyss run short afford generous freebie consider game make deserve star fun natlan far qol change not screw thing,positive
tho play yrs old budget phone game beautiful now loading kinda fast new update love change suddenly app get crash little time try reinstall result focus low end device like give opt change rendering distance smth like,positive
game pretty good downside big game load hard fp player currency game game beautiful interesting deep plot wish little easy overall,positive
easy story character puzzle sooo good thing hate lack free reward compare game game feel soo dry lazy player like force grind character want community good player toxic,positive
update oct not use google point pc purchase battle passover update save wish week not banner character game overall fun limit grind character wish expensive limitation gatcha game probably friend end play long period time original like needy controller support droid user,negative
dear hoyoverse enjoy game fun lot puzzle deal mention boss enemy love character story hope mic party talk texte friend fun speak friend game,positive
play game release multiple device edit game multiple time game amazing open world amazing character black character not skin color light tone npc yes game good fix character actually need melanin,positive
time addict game like perfeeect quality game character music view quest world animation literally awesome highly highly recommend game d,positive
bad experience old phone z fold amazing usually play pc phone wish file phone allow change controll use wireless keyboard mouse fold fun accept control currently not recognize available control game reason try racing game wasd control work,positive
bros not tell like game good play graphic story well people take storage developer solve problem delete old quest helpful low end device,positive
want world popular game add player vs player function want kill beastmonster bcz boring fight againt monster game animation fighting system u add player vs player function boom game week want fair fight s possible fight againt real player add function meed change enable pvp game player fight,positive
good graphic experience task interesting excellent not know phone problem game problem new phone large storage space week open game not open show game bug check thing awesome,positive
fun game take way storage nice skip dialogue not problem mean nice primogem easy s,negative
new reward story quest long dialouge option character story quest not character main random npc waste hour quest not feature banner unit basic npc reward give exploration story quest drivel aside archon quest way alt tab random option dialouge force input infuriating,negative
honestly hate game cringe player stuff bad actualy quest stuff keep motivated play literaly get rank n day discoverd like part map,positive
genshin impact completely redefine expect openworld rpg stunning visual pair expansive world life moment game feel like work art character design gorgeous feel unique personality combat style offer endless possibility team composition,positive
nice game buy welkin week hu tao fund see game think graphic fake game truly amaze music character scenery thank wonderful game mihoyo hoyoverse truly life well happy natlan update not believe ve play game year genshin truly life well,positive
m wait forever start long update omg long conversation sooo stupid enemy impossible defeat screen unstable specially compat bcz camera ancle unstable difficult compat game soooo fke stressfull waste time,positive
star canjust bug accure world quest pop bring near impossible puzzle solve right start want clear quest list like organized person like thing chapter v natlan archon quest chapter l liyue reach chapter iv fontaine dock occupy quest natlan goodbye fontaine enter,positive
ve play genshin year laptop ve problem recently get new phone hv alt acc europe server tend switch account switch europe server need download extra resource not download europe server automatically download asia server main acc download s new quest wait download,positive
like game graphic laggy chance get star charcater low begginer pkayer spend primogem end wasteand suggest increase character drop release star characterthat,negative
omgnice gamegreat animationsamaze charactersleisurely nature soundlike omg saurrrrr gooood suddenly today th october genshin impact stop say genshin impact close app bug try update app developer provide fix error s fixdo asap nahidas bday quest complete quest pleaseeee fix asap great game tbh m give star error,positive
right date gameplay voice character dialog lazy add company make billion not deliver voice linesi recommend game beautiful ton content definitely like care little game,positive
love game character design beautiful story amazing world stunning issue not run mobile take space amazing game,positive
ve play game year experience player go gameplay good easy understand elemental reaction easy remember accommodate storyline plot good character pretty write love detail people know experience glitch fix time overall highly recommend game fun great time pass bore,positive
anime inspire game ve play fine not care individual wish free play open chest quest end basically character design nice not diversity especially skin tone well pay expensive not afford itthen feel sad get character like,positive
problem message come insufficient storage enter load datum message keep pop say storage try leave relogging work,negative
not understand character late archon quest birthday celebration anecdote voiceless awkward embarrassing paimon have voice time hope hoyoverse change future normalize issue m sure player not amuse,positive
use fix artifact system rng overall game solid character story fantastic music lifechange combat varied flexible exploration fun plus get ton qol improvement year great thing well,positive
game good m addicted explore play friend s lot go game wish add feature like edit traveler look think s game standup,positive
amazing absolutely adore genshin impact start play month ago completely obsess storyline game play graphic character reward etc fantastic fact m go create second account replay game beginning actually know wish game forever m look play game similar good genshin thank hoyoverse gem,positive
stay away game yrs come end worth find today grind character weapon artifact talent need money area room require resin level drop item guarantee defeat boss sad bcuz pride play game end worth game,negative
nice game buy welkin week hu tao fund think graphic fake truly amaze music character scenery thank wonderful mihoyo hoyoverse life happy natlan update believe ve play year genshin,positive
nice game play love quest interesting lot caracter issue firstly space secondly time loading recently dialogue mute exept paimon solve reward like honkai star rail recomend start ll quit,positive
game character play genshin impact visually satisfy beautiful control simple crossplatform experience seamless console home laptop travel pick leave phone spend dime want story immersive evolve new adventure constantly add impressed aspect recommend,positive
game play want add controller separate company apple product provide android player calculate ratio download platform hardly difficult ps compatibility launch,negative
game quest story new player wise good boring old abyss easy end mode ok complete daily routine open commission use resin close uninstall soon,negative
game graphic character like story aspect abyss complete daily resin great terrible term imagine breath wild lore storyline arguably world design remotely challenge spiral rinse repeat day grind event feel mini barely utilize,positive
game character lot ll spend want difficult open resin term world barely massive variety elemental power multiple weapon include mage long downside insanely artifact equip stat look plus single run farm different type instead hard energy exactly build developer improve,positive
game interesting beautiful player good easy downside hard pretty big load fp currency deep plot wish little overall,positive
game issue run ping bad ms edit maybe connection lag crash cutscene musicdialogue choppy point wher decide turn volume completely contact month ago surprisingly fix thou network provdr smoothly stll smtime,positive
game update play developer fix bug cause work delete app datum cache pop try happen friend normally,negative
game graphic character update love quest like new player easy great storyline world feel look different amazing stunning explore region enter forward especially suggestion translator chat box communicate country coop challenge team,positive
game life play year genshin impact pick player boring use developer month team obsess repetitive gameplay care feedback choose incorporate quality change speak implement qol request shame dev need,positive
game ve leave try amazing kick jade chamber grab paper snow checkpoint unlock save,positive
game graphic character play year phone story recommend lag crash happen amazing unreasonable hate people highly bulky low setting worth,positive
game graphic genshin start impact experience story open world design feel different explore incredible grip breathtake topnotch animation huge location beautifully area exciting place special wellcrafte combination worldbuilde visual pull blend art exploration perfectly fantastic finish,positive
game play quest like story good end open world try explore low art device install ram harmful style collect charecter way fun,positive
game music character play year experience constantly good weapon bad fix qol animation exploration excellent audio enjoy properly camerasomethe veiw combat reason seizure eye problem touchscreen lack customizable key layout joke,negative
game week character update play time like controller end use grind long wish overall point friend save fun oct google pc purchase battle passover banner limit expensive limitation gatcha probably period original needy support droid user,negative
game think play lot like add good look wish edit friend explore addict feature traveler standup,positive
game update play love time loading like beautiful phone new old end little crash app try change low device tho yrs budget kinda fast suddenly reinstall result focus opt render distance smth,positive
graphic character update ve recently like new open include crash ram eversince frequent samsung gb sudden movement fight enemy thing freeze frame random second menu low experiment suitable,negative
game play year lot dialogue spend story good long type pretty need fun enjoy thing half assure minute hour notice figure bit google plentiful guide advice mood appreciate skip button,positive
game music character update love quest star beautiful story new good world long instead month ago amazing art finish style thing initially review anymore faith main patch drop quickly stagnet ask hsr personally annoying,positive
game truly character scenery play quest like story bore event wish overall amazing exploration way combat traveler thing notice line bore archon voice possible actually,positive
game year controller company android good use artifact improve feedback qol people lack support feature actually fall deaf ear severe consider age proper endgame content loadout custom domain creator perfect alas temporary usual tonedeaf money billion dollar,negative
game home open connection decide turn datum happen gameplay place pull problem suddenly possible randomly sure explain playtime datum claim service screen signal live strong wifi fine,negative
game graphic character update play love like start story adventure good design feel gameplay visual main action aver smartphone heart touch bestthe journey development awesome future,positive
game truly thank play beautiful experience impressed recommend good open great world look hard work try device finally gamer fond rpg mobile damn job definitely mean miss create masterpiece,positive
game character thank play year lot like experience open great lore world design feel developer work exciting art battle explain journey future azame ost theme unique playstyle word real hat present effort,positive
game ve play love lot travel want great design feel long energy bad choose need people art thing random strong ad freedom lose learn remind minecraft soo read fight busy,positive
game character quest story good world plot stunning especially huge visual archon remind overhate ton goate fontain building sao apart fan weird,positive
nice game update ve play time like story long improve coop hate people visual exploration main patch understand suppose follow sheep chance listen fandom cook novel,positive
character ve play genshin love quest lot mute like star impact storyline design feel different amazing style voice rate unfortunately silence loud right eng actor,positive
game character ve genshin love quest lot like story good bore great world app explore art device way tho gb mobile damn storage dedicate hell sorry ridiculous let gacha,positive
think genshin issue like star soon contact fix try request need support possible miss rate login account later hope badly,positive
game graphic natlan update play issue time new android load edit lag crash cutscene turn completely low set audio minute review severe strong mobile fps overlap hear aggravating deal unplayable walk inch entirely,negative
game hu tao graphic character play genshin love quest new recommend pretty amazing highly favorite outfit skin,positive
character thank interesting paimon like want story easy great world event amazing explore save fun right hey guy benevolent summon adorable,positive
game character scenery life ve play love quest issue star story recommend good lag people fun user thing mobile real understand small understandable deserve rating help,positive
game character year lot time pick story long people fun enjoy problem content ton favorite clear bore rerun available kill enjoyment able,positive
game update play genshin like impact phone new download good old worth problem gb hour annoying actually finally wait instal sleep shade wake laggy stop come get waste,negative
game character genshin love quest dialogue like experience complete lore feel amazing archon voice weird fact kinich ruin gaming alot begin,positive
game graphic play like want story new player download good world long overall try explore fun line guy know funn vast questgood,positive
natlan quest solve like star start want world bug pop enter thing archon right clear canjust accure bring near impossible puzzle list organize person chapter liyue reach iv fontaine dock occupy goodbye,positive
game ve love star ll player use weapon account able ruin afraid hacker wanna suggest obtain upgrade dispose,positive
game character wonderful life play love quest lot like experience new player good wild storyline event hard wish bad month friend coop gameplay archon awesome real virtual reality dendro unable,positive
game graphic character control story good fix forward especially low place button screen action touch suck dpad movable adjust atleast unintentionally automatically adjustable,negative
nice game graphic character like good great storyline design mini pretty try explore voice cool act freely high ar boringi permanent,positive
game character ve play reward spend story good currency wish save fun combat hour begin super exhaust,positive
game think character update play year like quit good feel bad style problem actually rerun fact tartaglia join atp tired redownloade,negative
nice game graphic character love reward story good use event variety weapon artifact currency wish exploration fun problem bit build absolutely mechanic reroll option substat farming primogem chest,positive
game character update ve love quest issue space beautiful phone new recommend ok use storyline hard wish edit friend amazing thing archon mobile definitely understand wait fontaine couple sooooo teach hehe geo city glitchy,positive
leave load work datum pop try enter problem storage come message insufficient relogging,negative
game think character update quest dialogue reward story easy daily use resin great event improve big qol incredible fast skip quickly content strong building bore gi offer openworld recent engagement flaw continue painfully slow process pace prevent reader title,positive
game graphic update play year interesting impressed recommend player great lore storyline day cutscene friend especially gameplay highly enjoy awesome absolutely mechanic captivate constant ensure stay engage impressive reccomende till,positive
game character ve play add good day pretty need fight enemy actually strong definitely near upgrade high beginning mechanic youtuber sponsor yard tell slowly equipment mistake level possibly common ease introduce hook,positive
ve play year genshin quest recently laptop phone new download need problem main account wait automatically hv alt acc europe server tend switch extra resource asia,positive
game graphic genshin love lot player barely include run crash point fix smoothly app low set wifi mobile storage fps unplayable laggy incredibly manage dent optimize,negative
character year like start control story new add good breath wild world feel ago amazing explore huge fun combat reason fast voice actually damn cool act couple clone climb glide reactive impress free increase size enhance ui ability,positive
game ve play lot time dialogue story good end grind hard wish cutscene care feature hour skip annoy listen slowly sit replay dozen resourse literally,negative
game character ve play love story player pretty wish combat line skin come veteran hoyo diverse color,positive
character hoyoverse quest issue time paimon player change archon voice sure future understand hope late birthday celebration anecdote voiceless awkward embarrassing normalize amuse,positive
game character interesting time point way skip button absurd talk short sentence nerve,negative
game think character issue beautiful compatibility mode complete design run crash amazing domain right help recent crashed wander middle dialog force redo smooth,positive
game character issue beautiful new difficult great storyline grind improve currency repetitive gameplay qol area fun excellent patch domain rpg wait come primogem level weekly premium past notch,positive
game space phone download maybe point fix delete app especially people device thing sorry tell alright store certain,negative
game reward mini include build load completely work save low huge problem traveler actually wifi fine awesome fandom wait mind odd op teapot realmi currently phoneand teapoti press afterwardsthenit waitto furniture inexceptit awaywhich allow visit sweethard hoursand weather,negative
nice game graphic character ve time reward like story good end resin great feel long energy edit decide stunning low review upgrade farming response current opinion excessive chore struggle hassle cap cost consume,positive
game week graphic interesting space experience phone new good open bug excellent problem thing awesome storage know task large check,positive
natlan update play phone long crash work enter worth expensive fine soo fontaine smooth potato mondstadt total exspect carshs religion demand stack medium,positive
game thank hoyoverse ve time experience spend story improve little need set worth fight break aesthetic devs guess rush head loose perspective escape,positive
game week like leave end day save enjoy fine beginning redownloade entire wipe reset work far,positive
game music play year genshin love lot adventure good daily event different amazing especially art exploration service live novel puzzle constant nowadays piece minigame,positive
game character play year quest lot phone story end great hard enemy content small know tell press reset icon hit joystick thumb prosgreat consend,positive
game play quest like player day bad hate honestly cringe stuff actualy motivated literaly rank discoverd map,positive
character play interesting dialogue like new easy open use great world hard wish gameplay exploration fun second skip able level sit force neat frustrating lastly exist constellation,negative
game character scenery love quest satisfy beautiful experience new player feel downside bug explore especially button action chest climb territory meet expectation treasure teleportation designbgm pattern consistent disappear,positive
play star add controller android soon change lack support bored consider hope guy stop,positive
game character play genshin love quest interesting start quit impact good day pretty fix bug place line voice miss weird know normal npc pls,positive
nice game graphic play like android download good datum need gb ask mobile fact insane amazed asphalt gangstar vegas extreme requirement,positive
game character genshin love lot issue time beautiful story resin long hard build big bad fix delete datum hate exploration fun annoying storage past cap ftp sice yay storge,positive
game update love quest lot time recently experience want great crash point completely try explore change fun enjoy thing notice laggy come fact tend accomplish exploring think sign attention,positive
game character ll control experience add controller android good lack support proper miss hope overy deficult execute combo click io handle,positive
character year like end event feel lack skin help total entire honestly gripe actual surplus kind lazy release major lantern rite mod ban restrict compare number usually irrelevant,positive
game character like want player bad change pull banner random actually fine understand high honestly stuff standard useless luck lose pity hopefully,positive
game play love quest dialogue console phone boring storyline event long especially pc skip awesome stop large conversation unnecessary,positive
game update ve play year phone great fix bug problem sure screen mobile able tell hoyo damage text grass ice dvalin signora boss situation abt state cos denial woukd length,positive
game music hoyoverse love interesting like beautiful story open world run work explore team dev beautifully art style enjoy voice perfect finally fan hope favorite able instal act glad galaxy grow play legend zelda enormous complex timeless,positive
game play like beautiful ps look pop explore low place distance low building right devs map compare grass galaxy draw resolution polygon holder object toy block mountain belong tree rock disappointing version ultra,positive
game natlan lot time like star start spend player abyss daily run repetitive change qol fun focus thing consider finally listen deserve hoyo short far nonsense afford generous freebie screw,positive
game dialogue reward new end day different overall fun banner limit hour skip fine storage ridiculous understandable wait come recent sit kind usually version suck sense ascension material,positive
game character update play quest great design event maybe amazing especially bit future help wait frustrating idea description pause clue helpful,positive
game believe play reward like player good feel long overall possible consider fan rate wait begin pity reduce freetoplay eula,positive
game music character scenery love quest experience story resin storyline world event weapon long different big overall amazing gameplay incredible fun enjoy journey real effort building rate rerun super mechanic flaw tell pr respawn aside enjoyable astonishing passion,positive
game character love like story new currency gameplay fun tho bit gacha hope clear alot automatically option far stuff requirement competitive mission theirs non,positive
game scenery issue control long work try stunning people worth art style fun combat review journey storage ruin size devs phenomenal yes memory remember ignore hatefulspam bot joy,positive
game ve recently start event ping ms point try coop change kick problem get server asia check medium release relatively horrible asias hks participate hk test online router ill grateful resolve,positive
game ve play time launch connection fix bug work friend normally need kick device problem reinstall storage check devs reset amazingbut todays morning logo appear application notification uninstalle,negative
leave new end event need enjoy content unable voiceless replayable en va strike previous native language seek vas,positive
game graphic character thank hoyoverse play genshin reward start impact good storyline look wish completely month ago amazing obsess fantastic second actually create account fact know begin absolutely replay adore forever similar gem,positive
ve play year time star want event gameplay hour rating sooooo disappointing achievement progress,negative
game update time start difficult long enemy screen wait waste impossible conversation forever omg sooo stupid defeat unstable specially compat bcz camera ancle soooo fke stressfull,positive
game graphic scenery star story great gameplay need breathtake fun minute skip button annoying voice stop click major non beautifulbut problemthis waaaayyyyyyyyyyy talkingyap yap yapand conversationit paimonif watch anime movie,positive
game character update play year genshin love quest issue star new player good boring great bad maybe fix actually wifi definitely storage hook unbelievable lil addict def rlly require face,positive
game hoyoverse ve play genshin love load phone open developer pretty fix bug work delete try samsung gb sure screen let redownloade currently galaxy shut immediately wrong,positive
game graphic thank play love issue loading end open day look developer fix bug try forward need kick incredible fun screen ton absolutely hello lately,positive
game think play love star beautiful story player good great bad try amazing people review line guy ar devs map disappointing ill unconditionally friendly plan badluck satisfy matter lovely thankyou hoyoberse muahahahaeauheurys,positive
graphic character scenery lot like story good design event wish region thing main sorry cool permanent mistake mission soundtrack wonderfull diversity definelly characteristic english simulanka,positive
game thank hoyoverse happy like want end build challenge fun kinda thing annoying create right hope option helpful rewardsand teapotbut lake glitch st water foundation,positive
game play control experience phone old use wish bad work try amazing change fun reason pc available currently allow usually fold file controll wireless keyboard mouse accept recognize racing wasd,positive
character quest reward story new long exploration way banner feature random hour main archon waste option alt force npc aside dialouge unit basic drivel tab input infuriate,negative
game play quest interesting lot time dialogue reward star start story android bore great grind event feel explore challenge people fun lack purchase thing skip bore stop puzzle diversity covid pressured meta racial irl,positive
nice game character life ve play interesting ll phone add boring old run bad smoothly style way pc samsung bit service real fan galaxy glitch january th complaint soooooo se explode,positive
nice game graphic ve play time start ll phone long run smoothly device fun support feature menu possible mobile storage adjust automatically option optimize allow honestly glad memory external stick insert thr section analyze,positive
game welkin character like star spend want story good easy end grind little bad way domain money fine rate resource horrible burn bp difference scarcity roll artefact upwards dumb,positive
game character reward like want story player good easy grind feel hate lack thing soo puzzle free force lazy compare sooo dry community toxic,positive
game graphic truly character thank mihoyo hoyoverse ve play genshin space impact good great lore storyline design look edit amazing fantastic consider finally job cool far mainly hand,positive
game character natlan ve play year recently like experience story new aspect bore old end great lore design event feel pretty little especially repetitive gameplay special fun release overtime disappoint emilie sethos,positive
game character play year lot spend adventure add player easy weapon hard developer overall work need fun strong farming gi sign lose ascent lucky characterweapon artifek primogen intertwine fate gold mark forget,positive
game music character quest time like recommend world quality highly animation awesome literally addict perfeeect view,positive
game play quest time dialogue player bore great long bad cutscene cause dev people worth fight skip anymore actually mean read listen actual involve interaction tap,negative
life dialogue add boring gameplay skip button screen listen talk insane tap seriously literal min,negative
game character life genshin like impact world design feel completely work stunning team visual art style combat rpg unique offer openworld redefine expect pair expansive moment gorgeous personality endless possibility composition,positive
game reward good great world grind hard quality exploration skip button annoying building vast obtain primogem honestly extensive,positive
game hoyoverse love use event bad fix try hate problem voice let hope act recent en vas nahida studio ai mad,positive
game play love laptop story constantly crash fix work try amazing problem reinstall main annoying let login free roam restart,positive
game character quest experience new player lore downside ago change incredible exciting exploration problem banner main archon age rerun impossible flaw increase frustrating number similar craft stand memorable writing accommodate effectively,positive
game music character year story use great artifact plus overall fix qol exploration fantastic fun combat thing ton rng solid lifechange varied flexible improvement,positive
game play controller provide android platform use wild hard bad support thing mobile literally absurd release ios rd party interference,negative
game think play year quest lot issue space time dialogue paimon like phone story constantly good repeat pretty bad month repetitive pc quickly fall content let gacha glare early drastically fetch treat,negative
nice game character life genshin like beautiful story aspect great lore world design overall amazing region gameplay limitation thing main unique real cool tell fantasy inspire noticable accurately represent culture skintone mention fail deviate plotline traveller search twin,positive
character star pick want story commission storyline design wish try unlock people review annoying let reach dock cool option recent slow certain opinion achievement personal address poor max reputation nation sort interact board,positive
nice game character wonderful play genshin quest lot dialogue like star story end great world design day quality need perfectly style bit review main annoying fine deserve sit short mark unintereste patience fit,positive
game character reward like abyss ok great feel improve especially quality need exploration bit endgame content chance hoyo weekly certain allow release sort shall competitor market stale activity favourite,positive
game character ve play year love time experience recommend player good easy great storyline elemental pretty plot overall fix gameplay people highly fun understand bore know remember glitch accommodate reaction write pass,positive
game think update play lot end developer edit request low device enjoy anymore strong able unable slow size heavy,negative
game graphic character play genshin lot space star impact story adventure difficult design power overall need breathtake properly problem gb apart understand smooth sense strike rlly beginner fascinating advantage theory item rule knowledge error bonus humor,positive
game graphic play space story good pretty plot app happen kick reason problem tho consider laggy admit,positive
game graphic character like star spend end low drop chance laggy suggest primogem increase release charcater begginer pkayer wasteand characterthat,negative
game quest lot dialogue leave want run wish turn fun battle skip awesome fighting come bring ability talk bunch potential,positive
game time story good long pretty crash fix bug try amazing enter gameplay kick problem second smooth luck,positive
game buy welkin think mihoyo play year like new good open soon great world wish month try worth enjoy purchase user voice actor deal able free allow cost previous wow monthly effective korean,positive
graphic character like star story good bore great lore power pretty guy compare interaction nation respective outside aqthe mc showcase wuwa,positive
game buy week update play year genshin time recommend try dollar account able waste lose log send email respond,negative
graphic music character update love like start story add good commission design weapon different build region people low banner kinda skip button current cost pls release disappointing community value btw taste pg,positive
game graphic character play quest interesting lot want good grind artifact overall bad need save reason pc kinda main mobile able primogem pity version require rng par lorestory yeah mid greatfor okay guarantee,positive
game like phone story great plus run crash amazing gameplay need line mobile superb decent comment dream,positive
game ve play time like start long run lag crash cutscene month change kick device problem ill restart mid oppo ae black,positive
game character love reward like spend want new good boring design pull fun hour money impossible suck progress,positive
game character dialogue adventure mode point fun skip button endgame building reach slow rank hopefully endless curtain,negative
game character play end resin grind weapon artifact need worth area yr drop money come stay level boss defeat require item guarantee away today talent room sad bcuz pride,negative
game character play issue like story player difficult old world run bad fix bug gameplay fun thing random fall deaf ear ton later guy bring redownloade continue level increase late map early scale exp refuse needle,negative
game update genshin quest star impact provide complete close great developer fix bug app try suddenly stop omg th error today omgnice gamegreat animationsamaze charactersleisurely nature soundlike saurrrrr gooood october fixdo asap nahidas bday pleaseeee tbh,positive
game play year lot time dialogue story great term weapon artifact improve bad change qol banner limit original voice gacha tired entire major improvement generally form excited restriction deceive audience,negative
game character play love interesting story day turn friend amazing team animation fight ton roll nation scene twist emotional coaster,positive
game character play love reward beautiful leave difficult world design different pretty exploration enjoy battle gatcha review content puzzle current state nation sep undtrack topti disappoint frustrated lategame dull monotonous tedious socalled insult measly plain stingy,positive
game character believe play issue solve like experience phone new provide good storyline world connection lag point fix network choose fun hour laggy upgrade cool server disappear hk tw mo despite minor garble introduction intro oh provider indosat capable vibrant bright collection,positive
nice game dialogue easy way fun problem skip mean storage primogem,negative
game character update play issue experience want great especially speak lack annoying recent usually enjoyable resolve language english voiceover disjoint,negative
user droid support needy original period probably gatcha limitation expensive limit banner passover battle purchase pc google oct fun save friend point overall wish long grind use end like time update character week launch compatibility ps difficult hardly platform download ratio calculate player android provide product apple company separate controller add want play game,negative
uninstalle notification application appear logo morning todays amazingbut reset devs check storage reinstall problem device kick need normally friend work bug fix connection time ve launch compatibility ps difficult hardly platform download ratio calculate player android provide product apple company separate controller add want play game,negative
literally resourse dozen replay sit slowly listen annoying skip hour feature care cutscene wish hard grind dialogue time lot play ve soon uninstall close resin use commission open routine daily complete ok mode end easy abyss old boring good wise player new story quest game,negative
constellation exist lastly frustrating neat force sit level able skip second fun exploration gameplay wish hard world great like dialogue interesting play character soon uninstall close resin use commission open routine daily complete ok mode end easy abyss old boring good wise player new story quest game,negative
constellation exist lastly frustrating neat force sit level able skip second fun exploration gameplay wish hard world great like dialogue interesting play character soon uninstall close resin use commission open routine daily complete ok mode end easy abyss old boring good wise player new story quest game,negative
pride bcuz sad room talent today away guarantee item require defeat boss level stay come money drop yrs area worth need artifact weapon grind play character soon uninstall close resin use commission open routine daily complete ok mode end easy abyss old boring good wise player new story quest game,negative
uninstalle notification application appear logo morning todays amazingbut reset devs check storage reinstall problem device kick need connection launch time ve normally friend happen try pop cache datum app delete work cause bug fix developer play update game,negative
audience deceive restriction excite form generally improvement major entire tired gacha voice original limit banner change improve artifact term great story dialogue time lot joke layout key customizable lack touchscreen problem eye seizure reason combat veiw camerasomething properly enjoy audio excellent exploration animation qol fix bad weapon good constantly experience year play character music game,negative
audience deceive restriction excite form generally improvement major entire tired gacha voice original limit banner change improve artifact term great story dialogue time lot joke layout key customizable lack touchscreen problem eye seizure reason combat veiw camerasomething properly enjoy audio excellent exploration animation qol fix bad weapon good constantly experience year play character music game,negative
disjoint voiceover english language resolve enjoyable usually recent annoying speak especially great want issue update joke layout key customizable lack touchscreen problem eye seizure reason combat veiw camerasomething properly enjoy audio excellent exploration animation qol fix bad weapon good constantly experience year play character music game,negative
treat fetch drastically early glare gacha let content fall quickly pc repetitive month pretty repeat story phone like paimon dialogue time space issue lot quest think joke layout key customizable lack touchscreen problem eye seizure reason combat veiw camerasomething properly enjoy audio excellent exploration animation qol fix bad weapon good constantly experience year play character music game,negative
interference party rd io release absurd literally mobile thing bad hard wild platform android provide user droid support needy original period probably gatcha limitation expensive limit banner passover battle purchase pc google oct fun save friend point overall wish long grind use end controller like time play update character week game,negative
redownloade tired atp join tartaglia fact rerun actually problem style bad feel good quit year think user droid support needy original period probably gatcha limitation expensive limit banner passover battle purchase pc google oct fun save friend point overall wish long grind use end controller like time play update character week game,negative
needle refuse exp scale early map late increase level continue redownloade bring guy late ton ear deaf fall fun gameplay bug fix bad run world old difficult player story issue play game suitable experiment low menu second random frame freeze thing enemy fight movement sudden gb samsung frequent eversince ram crash include open new like recently ve update character graphic,negative
constellation exist lastly frustrating neat force sit level able skip fun exploration gameplay wish hard world great use easy dialogue interesting play suitable experiment low menu second random frame freeze thing enemy fight movement sudden gb samsung frequent eversince ram crash include open new like recently ve update character graphic,negative
needle refuse exp scale early map late increase level continue redownloade bring guy late ton ear deaf fall fun gameplay bug fix bad run world old difficult player story issue play game suitable experiment low menu second random frame freeze thing enemy fight movement sudden gb samsung frequent eversince ram crash include open new like recently ve update character graphic,negative
constellation exist lastly frustrating neat force sit level able skip fun exploration gameplay wish hard world great use easy dialogue interesting play suitable experiment low menu second random frame freeze thing enemy fight movement sudden gb samsung frequent eversince ram crash include open new like recently ve update character graphic,negative
audience deceive restriction excite form generally improvement major entire tired gacha voice original limit banner change bad weapon term great story dialogue time lot play dollar billion money tonedeaf usual temporary alas perfect creator domain custom loadout content endgame proper age consider severe ear deaf fall actually feature support lack people qol feedback improve artifact use good android company controller year game,negative
launch compatibility ps difficult hardly platform download ratio calculate player provide product apple separate add want play dollar billion money tonedeaf usual temporary alas perfect creator domain custom loadout content endgame proper age consider severe ear deaf fall actually feature support lack people qol feedback improve artifact use good android company controller year game,negative
adjustable automatically unintentionally atleast adjust movable dpad suck touch action button low especially forward fix good story control character graphic fine wifi strong live signal screen service claim datum playtime explain sure randomly possible suddenly problem pull place gameplay happen datum turn decide connection open home game,negative
relogge insufficient message come storage enter try pop work load leave fine wifi strong live signal screen service claim datum playtime explain sure randomly possible suddenly problem pull place gameplay happen datum turn decide connection open home game,negative
launch compatibility ps difficult hardly platform download ratio calculate player provide product apple company separate controller add want entirely inch walk unplayable deal aggravate hear overlap fps mobile strong severe review minute audio set low completely turn cutscene crash lag edit load android new time issue play update natlan graphic game,negative
interference party rd io release absurd literally thing support bad hard wild use platform provide controller entirely inch walk unplayable deal aggravate hear overlap fps mobile strong severe review minute audio set low completely turn cutscene crash lag edit load android new time issue play update natlan graphic game,negative
redownloade tired atp join tartaglia fact rerun style bad feel quit year character think waste getting come stop laggy wake shade sleep instal wait finally actually annoying hour gb problem worth old good download new phone impact like genshin play update game,negative
redownloade tired atp join tartaglia fact rerun style bad feel quit year character think waste getting come stop laggy wake shade sleep instal wait finally actually annoying hour gb problem worth old good download new phone impact like genshin play update game,negative
literally resourse dozen replay sit slowly listen skip feature care cutscene wish hard grind end story dialogue time lot ve waste getting come stop laggy wake shade sleep instal wait finally actually annoying hour gb problem worth old good download new phone impact like genshin play update game,negative
curtain endless hopefully rank slow reach build endgame skip fun point mode adventure dialogue adjustable automatically unintentionally atleast adjust movable dpad suck touch action screen button place low especially forward fix good story control character graphic game,negative
fine wifi strong live signal service claim datum playtime explain sure randomly possible suddenly problem pull gameplay happen datum turn decide connection open home adjustable automatically unintentionally atleast adjust movable dpad suck touch action screen button place low especially forward fix good story control character graphic game,negative
nerve sentence short talk absurd skip way point time interesting adjustable automatically unintentionally atleast adjust movable dpad suck touch action screen button place low especially forward fix good story control character graphic game,negative
treat fetch drastically early glare gacha let content fall quickly pc repetitive month pretty repeat constantly story phone paimon dialogue time space issue lot quest redownloade tired atp join tartaglia fact rerun actually problem style bad feel good quit like year play update character think game,negative
waste getting come stop laggy wake shade sleep instal wait finally annoying hour gb worth old download new phone impact genshin redownloade tired atp join tartaglia fact rerun actually problem style bad feel good quit like year play update character think game,negative
treat fetch drastically early glare gacha let content fall quickly pc repetitive month pretty repeat constantly story phone paimon dialogue time space issue lot quest redownloade tired atp join tartaglia fact rerun actually problem style bad feel good quit like year play update character think game,negative
fine wifi strong live signal screen service claim datum playtime explain sure randomly possible suddenly pull place gameplay happen turn decide connection open home game relogge insufficient message come storage problem enter try pop datum work load leave,negative
entirely inch walk deal aggravate hear overlap strong severe review minute audio completely turn cutscene lag edit load android new time issue play update natlan optimize dent manage incredibly laggy unplayable fps storage mobile wifi set low app smoothly fix point crash run include barely player lot love genshin graphic game,negative
suitable experiment low menu second random frame freeze thing enemy fight movement sudden gb samsung frequent eversince ram open new like recently ve update character optimize dent manage incredibly laggy unplayable fps storage mobile wifi set low app smoothly fix point crash run include barely player lot love genshin graphic game,negative
interference party rd io release absurd mobile thing support bad wild use platform android provide controller literally resourse dozen replay sit slowly listen annoying skip hour feature care cutscene wish hard grind end good story dialogue time lot play ve game,negative
min literal seriously tap insane talk screen button gameplay boring add life literally resourse dozen replay sit slowly listen annoying skip hour feature care cutscene wish hard grind end good story dialogue time lot play ve game,negative
optimize dent manage incredibly laggy unplayable fps storage mobile wifi set low app smoothly fix crash run include barely player lot love genshin graphic nerve sentence short talk absurd button skip way point time interesting character game,negative
normally friend happen try pop cache datum work cause bug developer play update certain store alright tell sorry thing device people especially app delete fix point maybe download phone space game,negative
optimize dent manage incredibly laggy unplayable fps storage mobile wifi set low smoothly crash run include barely player lot love genshin graphic certain store alright tell sorry thing device people especially app delete fix point maybe download phone space game,negative
uninstalle notification application appear logo morning todays amazingbut reset devs check storage reinstall device kick need normally friend bug fix connection launch time play ve weather hoursand sweethard visit allow awaywhich inexceptit furniture waitto afterwardsthenit press teapoti phoneand currently realmi teapot op odd mind wait fandom awesome fine wifi actually traveler problem huge low save work completely load build include mini reward game,negative
needle refuse exp scale early map late increase continue redownloade bring guy late ton ear deaf fall random thing bug fix bad run old difficult player story issue game constellation exist lastly frustrating neat force sit level able skip second fun exploration gameplay wish hard world great use open easy new like dialogue interesting play character,negative
heavy size slow unable able strong anymore enjoy low request edit developer end lot update think uninstalle notification application appear logo morning todays amazingbut reset devs check storage reinstall problem device kick need normally friend work bug fix connection launch time play ve game,negative
relogge insufficient message come enter try pop datum load leave uninstalle notification application appear logo morning todays amazingbut reset devs check storage reinstall problem device kick need normally friend work bug fix connection launch time play ve game,negative
relogge insufficient message come enter try pop datum load leave uninstalle notification application appear logo morning todays amazingbut reset devs check storage reinstall problem device kick need normally friend work bug fix connection launch time play ve game,negative
literally resourse dozen replay sit slowly listen annoying skip feature care cutscene wish hard grind end good story dialogue lot game progress achievement disappointing sooooo rating hour gameplay event want star time year play ve,negative
characterthat wasteand pkayer begginer charcater release increase primogem suggest laggy chance drop low end spend like character graphic game progress achievement disappointing sooooo rating hour gameplay event want star time year play ve,negative
respond email send log lose waste able account dollar try recommend genshin update week buy game progress achievement disappointing sooooo rating hour gameplay event want star time year play ve,negative
literally resourse dozen replay sit slowly listen annoying skip care cutscene wish hard grind end good dialogue time lot play ve game infuriate input tab drivel basic unit dialouge aside npc force alt option waste archon main hour random feature banner way exploration long new story reward quest character,negative
constellation exist lastly frustrating neat sit level able skip second fun gameplay wish hard world great use open easy like dialogue interesting play infuriate input tab drivel basic unit dialouge aside npc force alt option waste archon main hour random feature banner way exploration long new story reward quest character,negative
constellation exist lastly frustrating neat sit level able skip second fun gameplay wish hard world great use open easy like dialogue interesting play infuriate input tab drivel basic unit dialouge aside npc force alt option waste archon main hour random feature banner way exploration long new story reward quest character,negative
constellation exist lastly frustrating neat sit level able skip second fun gameplay wish hard world great use open easy like dialogue interesting play infuriate input tab drivel basic unit dialouge aside npc force alt option waste archon main hour random feature banner way exploration long new story reward quest character,negative
constellation exist lastly frustrating neat force sit level able second fun exploration gameplay wish hard world use open easy new like interesting character tap interaction involve actual listen read mean actually anymore skip fight worth people dev cause cutscene bad long great boring player dialogue time quest play game,negative
constellation exist lastly frustrating neat force sit level able second fun exploration wish hard world great use open easy new like interesting play character min literal seriously tap insane talk listen screen button skip gameplay boring add dialogue life,negative
resourse dozen replay sit slowly listen annoying skip hour feature care cutscene wish grind end good story dialogue time lot ve interference party rd io release absurd literally mobile thing support bad hard wild use platform android provide controller play game,negative
audience deceive restriction excite form generally improvement major entire tired voice original limit banner qol change improve artifact weapon term great treat fetch drastically early glare gacha let content fall quickly pc repetitive month bad pretty repeat good constantly story phone like paimon dialogue time space issue lot quest year play think game,negative
tap interaction involve actual listen read mean actually anymore skip fight worth people dev cause cutscene long great boring player treat fetch drastically early glare gacha let content fall quickly pc repetitive month bad pretty repeat good constantly story phone like paimon dialogue time space issue lot quest year play think game,negative
needle refuse exp scale map late increase level continue redownloade bring guy late ton ear deaf random thing fun gameplay bug fix run world old difficult player character treat fetch drastically early glare gacha let content fall quickly pc repetitive month bad pretty repeat good constantly story phone like paimon dialogue time space issue lot quest year play think game,negative
respond email send log lose waste account dollar try recommend time genshin year week buy heavy size slow unable able strong anymore enjoy device low request edit developer end lot play update think game,negative
curtain endless hopefully rank reach building endgame button skip fun point mode adventure dialogue character heavy size slow unable able strong anymore enjoy device low request edit developer end lot play update think game,negative
curtain endless hopefully rank reach building endgame button skip fun point mode adventure dialogue character heavy size slow unable able strong anymore enjoy device low request edit developer end lot play update think game,negative
heavy size slow unable able strong anymore enjoy device request edit developer lot play update think characterthat wasteand pkayer begginer charcater release increase primogem suggest laggy chance drop low end spend star like character graphic game,negative
storage mean skip problem fun way easy dialogue nice characterthat wasteand pkayer begginer charcater release increase primogem suggest laggy chance drop low end spend star like character graphic game,negative
pride bcuz sad room talent today away guarantee item require defeat boss level stay come money yrs area worth need artifact weapon grind resin play characterthat wasteand pkayer begginer charcater release increase primogem suggest laggy chance drop low end spend star like character graphic game,negative
user droid support needy original period probably gatcha limitation expensive limit banner passover battle purchase pc google oct fun save friend point overall wish long grind use end controller like character respond email send log lose waste able account dollar try recommend time genshin year play update week buy game,negative
heavy size slow unable strong anymore enjoy device low request edit developer end lot think respond email send log lose waste able account dollar try recommend time genshin year play update week buy game,negative
user droid support needy original period probably gatcha limitation expensive limit banner passover battle purchase pc google oct fun save friend point overall wish long grind use end controller like character respond email send log lose waste able account dollar try recommend time genshin year play update week buy game,negative
user droid support needy original period probably gatcha limitation expensive limit banner passover battle purchase pc google oct fun save friend point overall wish long grind use end controller like character respond email send log lose waste able account dollar try recommend time genshin year play update week buy game,negative
nerve sentence short talk absurd way time interesting curtain endless hopefully rank slow reach build endgame button skip fun point mode adventure dialogue character game,negative
nerve sentence short talk absurd way time interesting curtain endless hopefully rank slow reach build endgame button skip fun point mode adventure dialogue character game,negative
characterthat wasteand pkayer begginer charcater release increase primogem suggest laggy chance low spend star like graphic pride bcuz sad room talent today away guarantee item require defeat boss level stay come money drop yrs area worth need artifact weapon grind resin end play character game,negative
audience deceive restriction excite form generally improvement major entire tired gacha voice original limit banner qol change bad improve term great story dialogue time lot year pride bcuz sad room talent today away guarantee item require defeat boss level stay come money drop yrs area worth need artifact weapon grind resin end play character game,negative
audience deceive restriction excite form generally improvement major entire tired gacha voice original limit banner qol change bad improve term great story dialogue time lot year pride bcuz sad room talent today away guarantee item require defeat boss level stay come money drop yrs area worth need artifact weapon grind resin end play character game,negative
soon uninstall close use commission open routine daily complete ok mode easy abyss old boring good wise player new story quest pride bcuz sad room talent today away guarantee item require defeat boss level stay come money drop yrs area worth need artifact weapon grind resin end play character game,negative
dollar billion money tonedeaf usual temporary alas perfect creator domain custom loadout content endgame proper age consider severe actually feature support lack people qol feedback improve artifact use good android company controller year needle refuse exp scale early map late increase level continue redownloade bring guy late ton ear deaf fall random thing fun gameplay bug fix bad run world old difficult player story like issue play character game,negative
treat fetch drastically glare gacha let content quickly pc repetitive month pretty repeat good constantly phone paimon dialogue time space lot quest year think needle refuse exp scale early map late increase level continue redownloade bring guy late ton ear deaf fall random thing fun gameplay bug fix bad run world old difficult player story like issue play character game,negative
constellation exist lastly frustrating neat force sit able skip second exploration wish hard great use open easy new dialogue interesting needle refuse exp scale early map late increase level continue redownloade bring guy late ton ear deaf fall random thing fun gameplay bug fix bad run world old difficult player story like issue play character game,negative
user droid support needy period probably gatcha limitation expensive passover battle purchase pc google oct fun save friend point overall wish long grind use end controller like update character week audience deceive restriction excite form generally improvement major entire tired gacha voice original limit banner qol change bad improve artifact weapon term great story dialogue time lot year play game,negative
relogge insufficient message come enter try pop datum work load leave primogem storage mean skip problem fun way easy dialogue game nice,negative
relogge insufficient message come enter try pop datum work load leave primogem storage mean skip problem fun way easy dialogue game nice,negative
waste getting come stop laggy wake shade sleep instal wait finally actually hour gb problem worth old good download new phone impact like genshin disjoint voiceover english language resolve enjoyable usually recent annoying lack speak especially great want experience issue play update character game,negative
constellation exist lastly frustrating neat force sit level able skip second fun exploration gameplay wish hard world use open easy new like dialogue interesting disjoint voiceover english language resolve enjoyable usually recent annoying lack speak especially great want experience issue play update character game,negative
waste getting come stop laggy wake shade sleep instal wait finally actually hour gb problem worth old good download new phone impact like genshin disjoint voiceover english language resolve enjoyable usually recent annoying lack speak especially great want experience issue play update character game,negative
waste getting come stop laggy wake shade sleep instal wait finally actually hour gb problem worth old good download new phone impact like genshin disjoint voiceover english language resolve enjoyable usually recent annoying lack speak especially great want experience issue play update character game,negative
